<?xml version="1.0"?>
<doc>
    <assembly>
        <name>WebApi</name>
    </assembly>
    <members>
        <member name="T:WebApi.Controllers.BaseApiController">
            <summary>
            
            </summary>
            
        </member>
        <member name="P:WebApi.Controllers.BaseApiController.Mediator">
            <summary>
            
            </summary>
        </member>
        <member name="T:WebApi.Controllers.MetaController">
            <summary>
            
            </summary>
        </member>
        <member name="M:WebApi.Controllers.MetaController.Info">
            <summary>
            
            </summary>
            <returns></returns>
        </member>
        <member name="T:WebApi.Controllers.v1.AuthController">
            <summary>
            
            </summary>
        </member>
        <member name="M:WebApi.Controllers.v1.AuthController.#ctor(Infrastructure.Persistence.Contexts.ApplicationDbContext)">
            <summary>
            
            </summary>
            <param name="context"></param>
        </member>
        <member name="M:WebApi.Controllers.v1.AuthController.SignIn(Application.Features.Authentication.Commands.SignInCommand)">
            <summary>
            POST api/controller, SignIn
            </summary>
            <returns></returns>
        </member>
        <member name="T:WebApi.Controllers.v1.ProductController">
            <summary>
            
            </summary>
        </member>
        <member name="M:WebApi.Controllers.v1.ProductController.Get(Application.Features.Products.Queries.GetProducts.GetProductsQuery)">
            <summary>
            GET api/controller, CRUD > Get by query parameters
            </summary>
            <returns></returns>
        </member>
        <member name="M:WebApi.Controllers.v1.ProductController.Get(System.Int32)">
            <summary>
            Get api/controller, CRUD > Get by id
            </summary>
            <param name="id"></param>
            <returns></returns>
        </member>
        <member name="M:WebApi.Controllers.v1.ProductController.Post(Application.Features.Products.Commands.CreateProduct.CreateProductCommand)">
            <summary>
            POST api/controller, CRUD > Create
            </summary>
            <returns></returns>
        </member>
        <member name="T:WebApi.Controllers.v1.UserController">
            <summary>
            
            </summary>
        </member>
        <member name="M:WebApi.Controllers.v1.UserController.Get(Application.Features.Users.Queries.GetUsers.GetUsersQuery)">
            <summary>
            GET api/controller, CRUD > Get by query parameters
            </summary>
            <returns></returns>
        </member>
        <member name="M:WebApi.Controllers.v1.UserController.Get(System.Int32)">
            <summary>
            Get api/controller, CRUD > Get by id
            </summary>
            <param name="id"></param>
            <returns></returns>
        </member>
        <member name="M:WebApi.Controllers.v1.UserController.Post(Application.Features.Users.Commands.CreateUser.CreateUserCommand)">
            <summary>
            POST api/controller, CRUD > Create
            </summary>
            <returns></returns>
        </member>
        <member name="M:WebApi.Controllers.v1.UserController.PutAsync(System.Int32,Application.Features.Users.Commands.UpdateUser.UpdateUserCommand)">
            <summary>
            PUT api/controller, CRUD > Update
            </summary>
            <param name="id"></param>
            <param name="command"></param>
            <returns></returns>
        </member>
        <member name="M:WebApi.Controllers.v1.UserController.DeleteUser(System.Int32)">
            <summary>
            DELETE api/controller, CRUD > Delete
            </summary>
            <param name="id"></param>
            <returns></returns>
        </member>
        <member name="T:WebApi.Extensions.AppExtensions">
            <summary>
            
            </summary>
        </member>
        <member name="M:WebApi.Extensions.AppExtensions.UseSwaggerExtension(Microsoft.AspNetCore.Builder.IApplicationBuilder)">
            <summary>
            
            </summary>
            <param name="app"></param>
        </member>
        <member name="M:WebApi.Extensions.AppExtensions.UseErrorHandlingMiddleware(Microsoft.AspNetCore.Builder.IApplicationBuilder)">
            <summary>
            
            </summary>
            <param name="app"></param>
        </member>
        <member name="T:WebApi.Extensions.ServiceExtensions">
            <summary>
            
            </summary>
        </member>
        <member name="M:WebApi.Extensions.ServiceExtensions.AddSwaggerExtension(Microsoft.Extensions.DependencyInjection.IServiceCollection)">
            <summary>
            
            </summary>
            <param name="services"></param>
        </member>
        <member name="M:WebApi.Extensions.ServiceExtensions.AddControllersExtension(Microsoft.Extensions.DependencyInjection.IServiceCollection)">
            <summary>
            
            </summary>
            <param name="services"></param>
        </member>
        <member name="M:WebApi.Extensions.ServiceExtensions.AddCorsExtension(Microsoft.Extensions.DependencyInjection.IServiceCollection)">
            <summary>
            
            </summary>
            <param name="services"></param>
        </member>
        <member name="M:WebApi.Extensions.ServiceExtensions.AddVersionedApiExplorerExtension(Microsoft.Extensions.DependencyInjection.IServiceCollection)">
            <summary>
            
            </summary>
            <param name="services"></param>
        </member>
        <member name="M:WebApi.Extensions.ServiceExtensions.AddApiVersioningExtension(Microsoft.Extensions.DependencyInjection.IServiceCollection)">
            <summary>
            
            </summary>
            <param name="services"></param>
        </member>
        <member name="T:WebApi.Middlewares.ErrorHandlerMiddleware">
            <summary>
            
            </summary>
        </member>
        <member name="M:WebApi.Middlewares.ErrorHandlerMiddleware.#ctor(Microsoft.AspNetCore.Http.RequestDelegate)">
            <summary>
            
            </summary>
            <param name="next"></param>
        </member>
        <member name="M:WebApi.Middlewares.ErrorHandlerMiddleware.Invoke(Microsoft.AspNetCore.Http.HttpContext)">
            <summary>
            
            </summary>
            <param name="context"></param>
            <returns></returns>
        </member>
        <member name="T:WebApi.Migrations.Initial">
            <inheritdoc />
        </member>
        <member name="M:WebApi.Migrations.Initial.Up(Microsoft.EntityFrameworkCore.Migrations.MigrationBuilder)">
            <inheritdoc />
        </member>
        <member name="M:WebApi.Migrations.Initial.Down(Microsoft.EntityFrameworkCore.Migrations.MigrationBuilder)">
            <inheritdoc />
        </member>
        <member name="M:WebApi.Migrations.Initial.BuildTargetModel(Microsoft.EntityFrameworkCore.ModelBuilder)">
            <inheritdoc />
        </member>
        <member name="T:WebApi.Services.TokenService">
            <summary>
            
            </summary>
        </member>
        <member name="M:WebApi.Services.TokenService.GenerateToken(Domain.Entities.User)">
            <summary>
            
            </summary>
            <param name="user"></param>
            <returns></returns>
        </member>
    </members>
</doc>
